{
	"heros": [{
			"fname": "hero1-Fname",
			"lname": "hero1-lname",
			"city": "City1",
			"power": 1
		},
		{
			"fname": "hero2-Fname",
			"lname": "hero2-lname",
			"city": "City2",
			"power": 2
		},
		{
			"fname": "hero3-Fname",
			"lname": "hero3-lname",
			"city": "City3",
			"power": 3
		},
		{
			"fname": "hero4-Fname",
			"lname": "hero4-lname",
			"city": "City4",
			"power": 4
		},
		{
			"fname": "hero5-Fname",
			"lname": "hero5-lname",
			"city": "City5",
			"power": 5
		}
	]

}